form	lemma	POS	morph
༄༅།		PUNCT
		
།		PUNCT
སྔ་	སྔ་	ADV
འགྱུར་	འགྱུར་	VERB
བསྟན་པ་	བསྟན་པ་	VERB
འི་	གི་	PART
བདག་པོ་	བདག་པོ་	NOUN
ཀུན་མཁྱེན་	ཀུན་མཁྱེན་	OTHER
ཡབ་	ཡབ་	NOUN
སྲ་	སྲ་	NOUN
ཀྱི་	གི་	PART
བསྟན་པ་	བསྟན་པ་	VERB
རྒྱས་པ་	རྒྱས་པ་	VERB
འི་	གི་	PART
སྨོན་ཚིག་	སྨོན་ཚིག་	OTHER
ནོར་བུ་	ནོར་བུ་	NOUN
འི་	གི་	PART
ཕྲེང་བ་	ཕྲེང་བ་	NOUN
།		PUNCT
ཨོཾ་	ཨོཾ་	X
བདེ་ལེགས་	བདེ་ལེགས་	NOUN
སུ་	ལ་	PART
གྱུར་ཅིག་	གྱུར་ཅིག་	NO_POS
བརྒྱུད་	བརྒྱུད་	NO_POS
གསུམ་	གསུམ་	NUM
རིག་འཛིན་	རིག་འཛིན་	OTHER
དཔལ་ལྡན་	དཔལ་ལྡན་	ADJ
བླ་མ་	བླ་མ་	NOUN
དང་	དང་	NO_POS
།		PUNCT
		
།		PUNCT
ཡིད་	ཡིད་	NOUN
དམ་	གམ་	PART
ཞི་	ཞི་	VERB
ཁྲོ་རྒྱལ་བ་	ཁྲོ་རྒྱལ་བ་	NO_POS
སྲ་	སྲ་	NOUN
དང་	དང་	NO_POS
བཅའ་	བཅའ་	VERB
།		PUNCT
		
།		PUNCT
དཔའ་བོ་	དཔའ་བོ་	NOUN
མཁའ་འགྲོ་	མཁའ་འགྲོ་	NOUN
བསྟན་སྲུང་	བསྟན་སྲུང་	OTHER
རྒྱ་མཚོ་	རྒྱ་མཚོ་	NOUN
འི་	གི་	PART
ཚོགས་	ཚོགས་	NOUN
།		PUNCT
		
།		PUNCT
བདག་	བདག་	PRON
ལ་	ལ་	PART
བརྩེར་		NON_WORD
དགོངས་	དགོངས་	VERB
སྨོན་པ་	སྨོན་པ་	VERB
འི་	གི་	PART
དཔང་པོ་	དཔང་པོ་	NOUN
མཛོད་	མཛོད་	NOUN
།		PUNCT
		
།		PUNCT
མ་	མ་	PART
ལུས་	ལུས་	NOUN
སྐྱེ་དགུ་	སྐྱེ་དགུ་	NO_POS
ཕན་བདེ་	ཕན་བདེ་	OTHER
འི་	གི་	PART
སྲོག་	སྲོག་	NOUN
གི་	གི་	PART
གསོས་	གསོས་	VERB
།		PUNCT
		
།		PUNCT
དུས་གསུམ་	དུས་གསུམ་	OTHER
སྲ་	སྲ་	NOUN
བཅའ་	བཅའ་	VERB
རྒྱལ་བ་	རྒྱལ་བ་	NOUN
འི་	གི་	PART
ཐུགས་	ཐུགས་	NOUN
ཀྱི་	གི་	PART
བཅུད་	བཅུད་	NOUN
།		PUNCT
		
།		PUNCT
ཡོངས་རྫོགས་	ཡོངས་རྫོགས་	OTHER
ཐུབ་བསྟན་	ཐུབ་བསྟན་	NOUN
མངའ་བདག་	མངའ་བདག་	NOUN
ཀློང་ཆེན་པ་	ཀློང་ཆེན་པ་	PROPN
།		PUNCT
		
།		PUNCT
དྲི་མེད་	དྲི་མེད་	ADJ
ཐུགས་	ཐུགས་	NOUN
བཟང་	བཟང་	VERB
ད་	ད་	NOUN
ཞིང་	ཅིང་	PART
རྒྱ་	རྒྱ་	VERB
གྱུར་ཅིག་	གྱུར་ཅིག་	NO_POS
		
།		PUNCT
ཆོས་ཉིད་	ཆོས་ཉིད་	NOUN
འོད་གསལ་	འོད་གསལ་	NOUN
ཞིང་ཁམས་	ཞིང་ཁམས་	NOUN
ལྷ་	ལྷ་	NOUN
ཡི་	གི་	PART
ལམ་	གམ་	PART
།		PUNCT
		
།		PUNCT
རང་བཞིན་	རང་བཞིན་	NOUN
གློ་བུ་	གློ་བུ་	OTHER
དྲི་མ་	དྲི་མ་	NOUN
ས་	གིས་	PART
རབ་	རབ་	ADV
བཏང་	བཏང་	VERB
ཞིང་	ཅིང་	PART
།		PUNCT
		
།		PUNCT
ཕྲིན་ལས་	ཕྲིན་ལས་	NOUN
གོ་སྐབས་	གོ་སྐབས་	NO_POS
མུ་མཐའ་	མུ་མཐའ་	NOUN
མེད་པ་	མེད་པ་	VERB
འི་	གི་	PART
ཁྱོན་	ཁྱོན་	NOUN
།		PUNCT
		
།		PUNCT
ཀུན་མཁྱེན་	ཀུན་མཁྱེན་	OTHER
རྒྱལ་བ་	རྒྱལ་བ་	NOUN
འི་	གི་	PART
བསྟན་པ་	བསྟན་པ་	VERB
རྒྱ་	རྒྱ་	VERB
གྱུར་ཅིག་	གྱུར་ཅིག་	NO_POS
		
།		PUNCT
རྨད་བྱུང་	རྨད་བྱུང་	NOUN
ལྷུན་གྲུབ་	ལྷུན་གྲུབ་	OTHER
སྟུག་པོ་	སྟུག་པོ་	ADJ
བཀོད་པ་	བཀོད་པ་	VERB
འི་	གི་	PART
རྒྱན་	རྒྱན་	NOUN
།		PUNCT
		
།		PUNCT
ཕྱོགས་	ཕྱོགས་	NOUN
དུས་	དུས་	NOUN
རབ་འབྱམས་	རབ་འབྱམས་	ADJ
དཀྱིལ་འཁོར་	དཀྱིལ་འཁོར་	NOUN
ཀུན་	ཀུན་	DET
གྱི་	གི་	PART
བདག་	བདག་	PRON
		
།		PUNCT
ས་	ས་	ADP
ར་	ལ་	PART
གནས་	གནས་	NOUN
དཔའ་བོ་	དཔའ་བོ་	NOUN
འབུམ་	འབུམ་	NUM
གྱི་	གི་	PART
ཉེ་	ཉེ་	NUM
འཚོ་	འཚོ་	VERB
འི་	གི་	PART
གཞི་	གཞི་	NOUN
།		PUNCT
		
།		PUNCT
ཀུན་མཁྱེན་	ཀུན་མཁྱེན་	OTHER
རྒྱལ་བ་	རྒྱལ་བ་	NOUN
འི་	གི་	PART
བསྟན་པ་	བསྟན་པ་	VERB
རྒྱ་	རྒྱ་	VERB
གྱུར་ཅིག་	གྱུར་ཅིག་	NO_POS
		
།		PUNCT
དག་	དག་	DET
དང་	དང་	NO_POS
མ་	མ་	PART
དག་	དག་	DET
འགྲོ་བ་	འགྲོ་བ་	VERB
འི་	གི་	PART
བསམ་པ་	བསམ་པ་	VERB
བཞིན་	བཞིན་	NOUN
།		PUNCT
		
།		PUNCT
གང་	གང་	NO_POS
འདུལ་	འདུལ་	NO_POS
སྒྱུ་འཕྲུལ་	སྒྱུ་འཕྲུལ་	PROPN
དྲྭ་བ་	དྲྭ་བ་	NON_WORD
འི་	གི་	PART
འཇོ་སྒེག་	འཇོ་སྒེག་	OTHER
གིས་	གིས་	PART
།		PUNCT
		
།		PUNCT
སྐལ་བཟང་	སྐལ་བཟང་	OTHER
ཡིད་	ཡིད་	NOUN
ཀྱི་	གི་	PART
བརྟན་པ་	བརྟན་པ་	VERB
འཕྲོག་བྱེད་པ་	འཕྲོག་བྱེད་པ་	NO_POS
འི་	གི་	PART
།		PUNCT
		
།		PUNCT
ཀུན་མཁྱེན་	ཀུན་མཁྱེན་	OTHER
རྒྱལ་བ་	རྒྱལ་བ་	NOUN
འི་	གི་	PART
བསྟན་པ་	བསྟན་པ་	VERB
རྒྱ་	རྒྱ་	VERB
གྱུར་ཅིག་	གྱུར་ཅིག་	NO_POS
		
།		PUNCT
མང་ཐོས་	མང་ཐོས་	NOUN
རྣམ་པ་	རྣམ་པ་	NOUN
ར་	ལ་	PART
འབྱེད་པ་	འབྱེད་པ་	VERB
འི་	གི་	PART
རྟ་ལྗང་	རྟ་ལྗང་	OTHER
གིས་	གིས་	PART
།		PUNCT
		
།		PUNCT
ལེགས་	ལེགས་	VERB
དྲངས་	དྲངས་	NO_POS
བསམ་པ་	བསམ་པ་	VERB
འི་	གི་	PART
རིན་ཆེན་	རིན་ཆེན་	OTHER
མེ་ཤེལ་	མེ་ཤེལ་	NOUN
ཁམས་	ཁམས་	NOUN
།		PUNCT
		
།		PUNCT
བསྒོམ་པ་	བསྒོམ་པ་	VERB
འི་	གི་	PART
འོད་གསལ་	འོད་གསལ་	NOUN
སྣང་བ་	སྣང་བ་	VERB
རབ་	རབ་	ADV
འབར་བ་	འབར་བ་	VERB
འི་	གི་	PART
།		PUNCT
		
།		PUNCT
ཀུན་མཁྱེན་	ཀུན་མཁྱེན་	OTHER
རྒྱལ་བ་	རྒྱལ་བ་	NOUN
འི་	གི་	PART
བསྟན་པ་	བསྟན་པ་	VERB
རྒྱ་	རྒྱ་	VERB
གྱུར་ཅིག་	གྱུར་ཅིག་	NO_POS
		
།		PUNCT
བརྟན་	བརྟན་	VERB
མཁའ་	མཁའ་	VERB
ཉིན་	ཉིན་	NOUN
མོ་	མོ་	PRON
ར་	ལ་	PART
བྱེད་པ་	བྱེད་པ་	VERB
འི་	གི་	PART
འོད་སྣང་	འོད་སྣང་	OTHER
གིས་	གིས་	PART
།		PUNCT
		
།		PUNCT
ཡང་དག་	ཡང་དག་	ADJ
ཁྲིམས་	ཁྲིམས་	NOUN
ཀྱི་	གི་	PART
འདབ་སྟོང་	འདབ་སྟོང་	ADJ
ཆེ་	ཆེ་	VERB
ར་	ལ་	PART
བཞད་པ་	བཞད་པ་	PROPN
འི་	གི་	PART
།		PUNCT
		
།		PUNCT
ཕན་བདེ་	ཕན་བདེ་	OTHER
འི་	གི་	PART
སྦྲང་རྩི་	སྦྲང་རྩི་	NOUN
གསར་པ་	གསར་པ་	VERB
འི་	གི་	PART
སྙིང་པོ་	སྙིང་པོ་	NOUN
ཅན་	ཅན་	PART
།		PUNCT
		
།		PUNCT
ཀུན་མཁྱེན་	ཀུན་མཁྱེན་	OTHER
རྒྱལ་བ་	རྒྱལ་བ་	NOUN
འི་	གི་	PART
བསྟན་པ་	བསྟན་པ་	VERB
རྒྱ་	རྒྱ་	VERB
གྱུར་ཅིག་	གྱུར་ཅིག་	NO_POS
		
།		PUNCT
གྱ་གྱུ་	གྱ་གྱུ་	NOUN
འི་	གི་	PART
རྣམ་རྟོག་	རྣམ་རྟོག་	NOUN
རླུང་	རླུང་	NOUN
གིས་	གིས་	PART
མི་	མི་	PART
ཕྱེད་	ཕྱེད་	NUM
ཅིང་	ཅིང་	PART
།		PUNCT
		
།		PUNCT
ཤིན་སྦྱངས་	ཤིན་སྦྱངས་	NO_POS
བདེ་བ་	བདེ་བ་	VERB
འི་	གི་	PART
རིན་ཆེན་	རིན་ཆེན་	OTHER
ལ་	ལ་	ADP
ས་	གིས་	PART
གྲུབ་པ་	གྲུབ་པ་	VERB
།		PUNCT
		
།		PUNCT
གང་	གང་	NO_POS
འདུལ་	འདུལ་	NO_POS
དགེ་	དགེ་	NOUN
ལ་	ལ་	PART
བཀོལ་བ་	བཀོལ་བ་	VERB
འི་	གི་	PART
ཁོར་ཡུག་	ཁོར་ཡུག་	NOUN
ཅན་	ཅན་	PART
།		PUNCT
		
།		PUNCT
ཀུན་མཁྱེན་	ཀུན་མཁྱེན་	OTHER
རྒྱལ་བ་	རྒྱལ་བ་	NOUN
འི་	གི་	PART
བསྟན་པ་	བསྟན་པ་	VERB
རྒྱ་	རྒྱ་	VERB
གྱུར་ཅིག་	གྱུར་ཅིག་	NO_POS
		
།		PUNCT
ཐུབ་བསྟན་	ཐུབ་བསྟན་	NOUN
ནམ་མཁ་	ནམ་མཁའ་	NOUN
འི་	གི་	PART
རྒྱན་	རྒྱན་	NOUN
གྱུར་	གྱུར་	VERB
འཆད་པ་	འཆད་པ་	VERB
འི་	གི་	PART
སྤྲིན་	སྤྲིན་	NOUN
།		PUNCT
		
།		PUNCT
ཡང་དག་	ཡང་དག་	ADJ
རིགས་པ་	རིགས་པ་	VERB
འི་	གི་	PART
གློག་	གློག་	NOUN
གིས་	གིས་	PART
རབ་	རབ་	ADV
འཁྱུད་	འཁྱུད་	NO_POS
ཅིང་	ཅིང་	PART
།		PUNCT
		
།		PUNCT
སྙན་	སྙན་	NOUN
འགྱུར་	འགྱུར་	VERB
རྩོམ་པ་	རྩོམ་པ་	VERB
འི་	གི་	PART
དབྱངས་	དབྱངས་	NOUN
རྔ་	རྔ་	NOUN
འབུམ་	འབུམ་	NUM
ལྡིར་བ་	ལྡིར་བ་	VERB
།		PUNCT
		
།		PUNCT
ཀུན་མཁྱེན་	ཀུན་མཁྱེན་	OTHER
རྒྱལ་བ་	རྒྱལ་བ་	NOUN
འི་	གི་	PART
བསྟན་པ་	བསྟན་པ་	VERB
རྒྱ་	རྒྱ་	VERB
གྱུར་ཅིག་	གྱུར་ཅིག་	NO_POS
		
།		PUNCT
འགྲན་	འགྲན་	NO_POS
བྲལ་	བྲལ་	VERB
མཁྱེན་རབ་	མཁྱེན་རབ་	NOUN
ས་སྲུང་	ས་སྲུང་	NO_POS
དཀར་པོ་	དཀར་པོ་	ADJ
འི་	གི་	PART
སྟེང་	སྟེང་	NOUN
།		PUNCT
		
།		PUNCT
ཤེས་བྱ་	ཤེས་བྱ་	VERB
ཀུན་མཁྱེན་	ཀུན་མཁྱེན་	OTHER
སྤྱན་	སྤྱན་	NOUN
སྟོང་	སྟོང་	NUM
རྣམ་བཀྲ་	རྣམ་བཀྲ་	OTHER
ཞིང་	ཅིང་	PART
།		PUNCT
		
།		PUNCT
རྩོལ་	རྩོལ་	NO_POS
མེད་	མེད་	VERB
ཨ་	ཨ་	X
ཏི་	ཏི་	NO_POS
རྡོ་རྗེ་	རྡོ་རྗེ་	NOUN
འི་	གི་	PART
མཚོན་ཆ་	མཚོན་ཆ་	NOUN
ཅན་	ཅན་	PART
།		PUNCT
		
།		PUNCT
ཀུན་མཁྱེན་	ཀུན་མཁྱེན་	OTHER
རྒྱལ་བ་	རྒྱལ་བ་	NOUN
འི་	གི་	PART
བསྟན་པ་	བསྟན་པ་	VERB
རྒྱ་	རྒྱ་	VERB
གྱུར་ཅིག་	གྱུར་ཅིག་	NO_POS
		
།		PUNCT
རང་བཞིན་	རང་བཞིན་	NOUN
བརྒྱད་	བརྒྱད་	NUM
ལྡན་	ལྡན་	VERB
གངས་	གངས་	NOUN
ཀྱི་	གི་	PART
རི་སུལ་	རི་སུལ་	NOUN
ལ་	ལ་	ADP
ས་	གིས་	PART
།		PUNCT
		
།		PUNCT
འོང་བ་	འོང་བ་	VERB
འི་	གི་	PART
སྨིན་	སྨིན་	VERB
བྱེད་	བྱེད་	VERB
ཉལ་འགྲོ་	ཉལ་འགྲོ་	NOUN
འི་	གི་	PART
རྒྱུན་	རྒྱུན་	NOUN
བཟང་	བཟང་	VERB
གིས་	གིས་	PART
།		PUNCT
		
།		PUNCT
མ་	མ་	PART
དག་	དག་	DET
ཉེས་པ་	ཉེས་པ་	VERB
འི་	གི་	PART
དྲི་	དྲི་	NOUN
འཁྲུད་	འཁྲུད་	NO_POS
ཆོ་ག་	ཆོ་ག་	NOUN
མཁན་	མཁན་	PROPN
།		PUNCT
		
།		PUNCT
ཀུན་མཁྱེན་	ཀུན་མཁྱེན་	OTHER
རྒྱལ་བ་	རྒྱལ་བ་	NOUN
འི་	གི་	PART
བསྟན་པ་	བསྟན་པ་	VERB
རྒྱ་	རྒྱ་	VERB
གྱུར་ཅིག་	གྱུར་ཅིག་	NO_POS
		
།		PUNCT
ལྟ་	ལྟ་	OTHER
སྣང་	སྣང་	VERB
བཅོས་མ་	བཅོས་མ་	NOUN
འི་	གི་	PART
བློ་	བློ་	NOUN
ཙམ་	ཙམ་	DET
མ་ཡིན་པ་	མ་ཡིན་པ་	OTHER
ར་	ལ་	PART
།		PUNCT
		
།		PUNCT
སྣོད་བཅུད་	སྣོད་བཅུད་	NOUN
དག་པ་	དག་པ་	VERB
དབྱིངས་	དབྱིངས་	NOUN
ཀྱི་	གི་	PART
དཀྱིལ་འཁོར་	དཀྱིལ་འཁོར་	NOUN
དུ་	ལ་	PART
།		PUNCT
		
།		PUNCT
མངོན་སུམ་	མངོན་སུམ་	NOUN
སྟོན་པ་	སྟོན་པ་	NOUN
འི་	གི་	PART
བྱེད་པོ་	བྱེད་པོ་	VERB
ཟླ་བྲལ་བ་	ཟླ་བྲལ་བ་	NO_POS
།		PUNCT
		
།		PUNCT
ཀུན་མཁྱེན་	ཀུན་མཁྱེན་	OTHER
རྒྱལ་བ་	རྒྱལ་བ་	NOUN
འི་	གི་	PART
བསྟན་པ་	བསྟན་པ་	VERB
རྒྱ་	རྒྱ་	VERB
གྱུར་ཅིག་	གྱུར་ཅིག་	NO_POS
		
།		PUNCT
རླུང་	རླུང་	NOUN
སེམས་	སེམས་	NOUN
བཙོན་	བཙོན་	NOUN
དུ་	ལ་	PART
འཇུག་པ་	འཇུག་པ་	VERB
འི་	གི་	PART
རྩོལ་སྒྲུབ་	རྩོལ་སྒྲུབ་	NO_POS
ཀྱིས་	གིས་	PART
།		PUNCT
		
།		PUNCT
དགའ་	དགའ་	VERB
བཞི་	བཞི་	NUM
མངོན་དུ་	མངོན་དུ་	NO_POS
བྱེད་པ་	བྱེད་པ་	VERB
འི་	གི་	PART
ངལ་དུབ་	ངལ་དུབ་	NOUN
ལ་	ལ་	ADP
ས་	གིས་	PART
།		PUNCT
		
།		PUNCT
མ་	མ་	PART
ཡིན་	ཡིན་	NO_POS
འོད་གསལ་	འོད་གསལ་	NOUN
ཇི་བཞིན་	ཇི་བཞིན་	OTHER
སྣང་བྱེད་པ་	སྣང་བྱེད་པ་	PROPN
འི་	གི་	PART
།		PUNCT
		
།		PUNCT
ཀུན་མཁྱེན་	ཀུན་མཁྱེན་	OTHER
རྒྱལ་བ་	རྒྱལ་བ་	NOUN
འི་	གི་	PART
བསྟན་པ་	བསྟན་པ་	VERB
རྒྱ་	རྒྱ་	VERB
གྱུར་ཅིག་	གྱུར་ཅིག་	NO_POS
		
།		PUNCT
ཡིད་དཔྱོད་	ཡིད་དཔྱོད་	NO_POS
རྟོག་གེ་	རྟོག་གེ་	NOUN
རིགས་པ་	རིགས་པ་	VERB
འི་	གི་	PART
ཆ་བཞག་	ཆ་བཞག་	NO_POS
དང་	དང་	NO_POS
།		PUNCT
		
།		PUNCT
ཕྱེད་	ཕྱེད་	NUM
བཅིང་	བཅིང་	NO_POS
རླུང་	རླུང་	NOUN
གི་	གི་	PART
རང་	རང་	PRON
གདངས་	གདངས་	NOUN
སྤྲོས་པ་	སྤྲོས་པ་	VERB
འི་	གི་	PART
མཐའ་	མཐའ་	NOUN
།		PUNCT
		
།		PUNCT
ཉེར་ཞི་	ཉེར་ཞི་	NO_POS
གདོད་	གདོད་	NO_POS
ན་	ནས་	PART
ཀ་དག་	ཀ་དག་	OTHER
གཏིང་	གཏིང་	NOUN
གསལ་	གསལ་	VERB
དབྱིངས་	དབྱིངས་	NOUN
།		PUNCT
		
།		PUNCT
ཀུན་མཁྱེན་	ཀུན་མཁྱེན་	OTHER
རྒྱལ་བ་	རྒྱལ་བ་	NOUN
འི་	གི་	PART
བསྟན་པ་	བསྟན་པ་	VERB
རྒྱ་	རྒྱ་	VERB
གྱུར་ཅིག་	གྱུར་ཅིག་	NO_POS
		
།		PUNCT
སྟོང་པ་	སྟོང་པ་	VERB
འི་	གི་	PART
རང་བཞིན་	རང་བཞིན་	NOUN
འགག་	འགག་	VERB
ས་	གིས་	PART
མེད་	མེད་	VERB
ལྷུན་གྲུབ་	ལྷུན་གྲུབ་	OTHER
དོན་	དོན་	NOUN
།		PUNCT
		
།		PUNCT
མེད་	མེད་	VERB
དང་	དང་	NO_POS
གཅིག་པུ་	གཅིག་པུ་	ADJ
ཕྱལ་བ་	ཕྱལ་བ་	NO_POS
ཆན་པོ་	ཆན་པོ་	NO_POS
རུ་	ལ་	PART
།		PUNCT
		
།		PUNCT
ད་ལྟ་	ད་ལྟ་	OTHER
འི་	གི་	PART
ཤེས་པ་	ཤེས་པ་	VERB
ར་	ལ་	PART
རྫོགས་པ་	རྫོགས་པ་	VERB
འི་	གི་	PART
རྨད་བྱུང་	རྨད་བྱུང་	NOUN
ལུགས་	ལུགས་	NOUN
།		PUNCT
		
།		PUNCT
ཀུན་མཁྱེན་	ཀུན་མཁྱེན་	OTHER
རྒྱལ་བ་	རྒྱལ་བ་	NOUN
འི་	གི་	PART
བསྟན་པ་	བསྟན་པ་	VERB
རྒྱ་	རྒྱ་	VERB
གྱུར་ཅིག་	གྱུར་ཅིག་	NO_POS
		
།		PUNCT
ཤེས་རིག་	ཤེས་རིག་	NOUN
ཟང་ཐལ་	ཟང་ཐལ་	OTHER
གཉུག་	གཉུག་	NO_POS
མ་མ་	མ་མ་	NOUN
བཅོ་	བཅོ་	NUM
ས་	གིས་	PART
དང་	དང་	NO_POS
།		PUNCT
		
།		PUNCT
གདོད་	གདོད་	NO_POS
ན་	ནས་	PART
སྤྲོས་བྲལ་	སྤྲོས་བྲལ་	ADJ
རིག་	རིག་	VERB
གདངས་	གདངས་	NOUN
འཇའ་	འཇའ་	NOUN
ཟེ་	ཟེ་	VERB
སྦུབས་	སྦུབས་	NOUN
།		PUNCT
		
།		PUNCT
ས་ལམ་	ས་ལམ་	OTHER
གཅིག་	གཅིག་	NUM
ཆ་	ཆ་	NOUN
ར་	ལ་	PART
རྫོགས་པ་	རྫོགས་པ་	VERB
འི་	གི་	PART
མྱུར་ལམ་	མྱུར་ལམ་	OTHER
རྨད་	རྨད་	VERB
།		PUNCT
		
།		PUNCT
ཀུན་མཁྱེན་	ཀུན་མཁྱེན་	OTHER
རྒྱལ་བ་	རྒྱལ་བ་	NOUN
འི་	གི་	PART
བསྟན་པ་	བསྟན་པ་	VERB
རྒྱ་	རྒྱ་	VERB
གྱུར་ཅིག་	གྱུར་ཅིག་	NO_POS
		
།		PUNCT
འཁོར་འདས་	འཁོར་འདས་	NOUN
མཉམ་ཉིད་	མཉམ་ཉིད་	NOUN
རང་རིག་	རང་རིག་	NO_POS
བདེ་ཆེན་	བདེ་ཆེན་	NOUN
རྩལ་	རྩལ་	NOUN
།		PUNCT
		
།		PUNCT
མཐའ་	མཐའ་	NOUN
ཀླས་	ཀླས་	NO_POS
འགྲོ་	འགྲོ་	VERB
ལ་	ལ་	PART
བྱམས་བརྩེ་	བྱམས་བརྩེ་	OTHER
འི་	གི་	PART
རང་བཞིན་	རང་བཞིན་	NOUN
དུ་	ལ་	PART
།		PUNCT
		
།		PUNCT
འོད་	འོད་	NOUN
དང་	དང་	NO_POS
འོད་ཟེར་	འོད་ཟེར་	NOUN
ཇི་བཞིན་	ཇི་བཞིན་	OTHER
འབྲལ་	འབྲལ་	NO_POS
མེད་པ་	མེད་པ་	VERB
འི་	གི་	PART
།		PUNCT
		
།		PUNCT
ཀུན་མཁྱེན་	ཀུན་མཁྱེན་	OTHER
རྒྱལ་བ་	རྒྱལ་བ་	NOUN
འི་	གི་	PART
བསྟན་པ་	བསྟན་པ་	VERB
རྒྱ་	རྒྱ་	VERB
གྱུར་ཅིག་	གྱུར་ཅིག་	NO_POS
		
།		PUNCT
ཕྱོགས་	ཕྱོགས་	NOUN
རེ་	རེ་	DET
ར་	ལ་	PART
མ་	མ་	PART
གྱུར་	གྱུར་	VERB
མདོ་སྔགས་	མདོ་སྔགས་	NOUN
གཞུང་ལུགས་	གཞུང་ལུགས་	NOUN
བརྒྱ་	བརྒྱ་	NUM
།		PUNCT
		
།		PUNCT
ཐོས་བསམ་	ཐོས་བསམ་	NOUN
སྒོམ་པ་	སྒོམ་པ་	VERB
འི་	གི་	PART
རིན་ཆེན་	རིན་ཆེན་	OTHER
སྲད་བུ་	སྲད་བུ་	NO_POS
ལ་	ལ་	PART
།		PUNCT
		
།		PUNCT
བསྟར་	བསྟར་	NO_POS
དུ་	ལ་	PART
བགྱིས་པ་	བགྱིས་པ་	VERB
བློ་གསལ་	བློ་གསལ་	OTHER
མགུལ་བ་	མགུལ་བ་	NOUN
འི་	གི་	PART
རྒྱན་	རྒྱན་	NOUN
།		PUNCT
		
།		PUNCT
ཀུན་མཁྱེན་	ཀུན་མཁྱེན་	OTHER
རྒྱལ་བ་	རྒྱལ་བ་	NOUN
འི་	གི་	PART
བསྟན་པ་	བསྟན་པ་	VERB
རྒྱ་	རྒྱ་	VERB
གྱུར་ཅིག་	གྱུར་ཅིག་	NO_POS
		
།		PUNCT
བླུན་སྒོམ་	བླུན་སྒོམ་	NO_POS
ཐུན་	ཐུན་	NOUN
གསུམ་	གསུམ་	NUM
སྨག་རུམ་	སྨག་རུམ་	NOUN
མུན་པ་	མུན་པ་	NOUN
འི་	གི་	PART
གཤེད་	གཤེད་	NOUN
།		PUNCT
		
།		PUNCT
རྟོག་གེ་	རྟོག་གེ་	NOUN
རྒྱུ་སྐར་	རྒྱུ་སྐར་	NOUN
ཕྲེང་བ་	ཕྲེང་བ་	NOUN
ཟིལ་གནོན་པ་	ཟིལ་གནོན་པ་	NOUN
འི་	གི་	PART
།		PUNCT
		
།		PUNCT
ལུང་རྟོགས་	ལུང་རྟོགས་	PROPN
ཆ་ཤས་	ཆ་ཤས་	NOUN
རྫོགས་པ་	རྫོགས་པ་	VERB
འི་	གི་	PART
འོད་	འོད་	NOUN
དཀ་	དཀའ་	VERB
ར་	ལ་	PART
ཅན་	ཅན་	PART
།		PUNCT
		
།		PUNCT
ཀུན་མཁྱེན་	ཀུན་མཁྱེན་	OTHER
རྒྱལ་བ་	རྒྱལ་བ་	NOUN
འི་	གི་	PART
བསྟན་པ་	བསྟན་པ་	VERB
རྒྱ་	རྒྱ་	VERB
གྱུར་ཅིག་	གྱུར་ཅིག་	NO_POS
		
།		PUNCT
མཁས་པ་	མཁས་པ་	VERB
འི་	གི་	PART
ངང་ཚུལ་	ངང་ཚུལ་	OTHER
ནམ་མཁ་	ནམ་མཁའ་	NOUN
འི་	གི་	PART
ཁྱོན་	ཁྱོན་	NOUN
ལྟ་	ལྟ་	OTHER
ཡངས་	ཡངས་	VERB
།		PUNCT
		
།		PUNCT
བཙུན་པ་	བཙུན་པ་	NOUN
འི་	གི་	PART
བརྟུལ་ཞུགས་	བརྟུལ་ཞུགས་	NOUN
འཕགས་པ་	འཕགས་པ་	VERB
འི་	གི་	PART
གནས་བརྟན་	གནས་བརྟན་	NOUN
བཞིན་	བཞིན་	NOUN
།		PUNCT
		
།		PUNCT
བཟང་པོ་	བཟང་པོ་	ADJ
འི་	གི་	PART
མཛད་པ་	མཛད་པ་	VERB
བརྩེ་བ་	བརྩེ་བ་	VERB
འི་	གི་	PART
གཏེར་ཆེན་	གཏེར་ཆེན་	OTHER
གྲོག་	གྲོག་	NOUN
།		PUNCT
		
།		PUNCT
ཀུན་མཁྱེན་	ཀུན་མཁྱེན་	OTHER
རྒྱལ་བ་	རྒྱལ་བ་	NOUN
འི་	གི་	PART
བསྟན་པ་	བསྟན་པ་	VERB
རྒྱ་	རྒྱ་	VERB
གྱུར་ཅིག་	གྱུར་ཅིག་	NO_POS
		
།		PUNCT
མདོ་	མདོ་	NOUN
རྒྱུད་	རྒྱུད་	NOUN
སེམས་སྡེ་	སེམས་སྡེ་	NO_POS
ལེགས་བཤད་	ལེགས་བཤད་	NOUN
ནོར་བུ་	ནོར་བུ་	NOUN
འི་	གི་	PART
དཔྱ་	དཔྱ་	NOUN
།		PUNCT
		
།		PUNCT
རྨད་བྱུང་	རྨད་བྱུང་	NOUN
ལུང་	ལུང་	NOUN
དང་	དང་	NO_POS
རིགས་པ་	རིགས་པ་	VERB
ས་	གིས་	PART
བྱི་དོར་	བྱི་དོར་	NOUN
གྱིས་	གིས་	PART
།		PUNCT
		
།		PUNCT
སྲིད་ཞི་	སྲིད་ཞི་	NOUN
འི་	གི་	PART
རྒྱལ་མཚན་	རྒྱལ་མཚན་	NOUN
རྩེ་མོ་	རྩེ་མོ་	NOUN
ར་	ལ་	PART
འགོད་	འགོད་	NO_POS
མཛད་པ་	མཛད་པ་	VERB
འི་	གི་	PART
།		PUNCT
		
།		PUNCT
ཀུན་མཁྱེན་	ཀུན་མཁྱེན་	OTHER
རྒྱལ་བ་	རྒྱལ་བ་	NOUN
འི་	གི་	PART
བསྟན་པ་	བསྟན་པ་	VERB
རྒྱ་	རྒྱ་	VERB
གྱུར་ཅིག་	གྱུར་ཅིག་	NO_POS
		
།		PUNCT
མཆོག་	མཆོག་	ADJ
གསུམ་	གསུམ་	NUM
བསླུ་མེད་	བསླུ་མེད་	NO_POS
བདེན་པ་	བདེན་པ་	VERB
འི་	གི་	PART
བྱིན་རླབས་	བྱིན་རླབས་	NOUN
དང་	དང་	NO_POS
།		PUNCT
		
།		PUNCT
བསྟན་སྲུང་	བསྟན་སྲུང་	OTHER
དམ་ཅན་	དམ་ཅན་	NOUN
རྒྱ་མཚོ་	རྒྱ་མཚོ་	NOUN
འི་	གི་	PART
མཐུ་སྟོབས་	མཐུ་སྟོབས་	NOUN
ནུས་	ནུས་	VERB
།		PUNCT
		
།		PUNCT
ཁྱད་པར་	ཁྱད་པར་	NOUN
བདག་	བདག་	PRON
གི་	གི་	PART
ལྷག་བསམ་	ལྷག་བསམ་	NOUN
དག་པ་	དག་པ་	VERB
འི་	གི་	PART
མཐུ་	མཐུ་	NOUN
ས་	གིས་	PART
།		PUNCT
		
།		PUNCT
སྨོན་	སྨོན་	VERB
དོན་	དོན་	NOUN
བདེ་བླག་	བདེ་བླག་	ADJ
ཉིད་	ཉིད་	DET
དུ་	ལ་	PART
འགྲུབ་	འགྲུབ་	VERB
གྱུར་ཅིག་	གྱུར་ཅིག་	NO_POS
		
།		PUNCT
ཅེས་པ་	ཅེས་པ་	PART
འཕགས་	འཕགས་	VERB
བོད་	བོད་	PROPN
ཀྱི་	གི་	PART
མཁའ་	མཁའ་	VERB
དང་	དང་	NO_POS
གྲུབ་པ་	གྲུབ་པ་	VERB
མ་ལུས་པ་	མ་ལུས་པ་	OTHER
འི་	གི་	PART
རྣམ་པ་	རྣམ་པ་	NOUN
ར་	ལ་	PART
ཐར་པ་	ཐར་པ་	VERB
གཅིག་	གཅིག་	NUM
ཏུ་	ལ་	PART
བདག་	བདག་	PRON
གིར་		NON_WORD
བཞེས་པ་	བཞེས་པ་	VERB
འི་	གི་	PART
ཀུན་མཁྱེན་	ཀུན་མཁྱེན་	OTHER
ཆེན་པོ་	ཆེན་པོ་	ADJ
ངག་	ངག་	NOUN
གི་	གི་	PART
དབང་པོ་	དབང་པོ་	NOUN
འི་	གི་	PART
བསྟན་པ་	བསྟན་པ་	VERB
རིན་པོ་ཆེ་	རིན་པོ་ཆེ་	ADJ
ད་	ད་	NOUN
ཞིང་	ཅིང་	PART
རྒྱས་པ་	རྒྱས་པ་	VERB
འི་	གི་	PART
སྨོན་ཚིག་	སྨོན་ཚིག་	OTHER
ནོར་བུ་	ནོར་བུ་	NOUN
འི་	གི་	PART
ཕྲེང་བ་	ཕྲེང་བ་	NOUN
ཞེ་	ཅེས་	PART
བྱ་བ་	བྱ་བ་	VERB
འདི་	འདི་	DET
ཡང་	ཀྱང་	PART
ཀུན་མཁྱེན་	ཀུན་མཁྱེན་	OTHER
མཆོག་	མཆོག་	ADJ
གི་	གི་	PART
བསྟན་འཛིན་	བསྟན་འཛིན་	NOUN
དམ་པ་	དམ་པ་	VERB
སྤྲུལ་པ་	སྤྲུལ་པ་	VERB
འི་	གི་	PART
སྐུ་	སྐུ་	NOUN
འགྲོ་	འགྲོ་	VERB
འདུལ་	འདུལ་	NO_POS
རྣམ་རྒྱལ་	རྣམ་རྒྱལ་	NOUN
རྡོ་རྗེ་	རྡོ་རྗེ་	NOUN
རིན་པོ་ཆེ་	རིན་པོ་ཆེ་	ADJ
ས་	གིས་	PART
བསྐུལ་བ་	བསྐུལ་བ་	VERB
དང་	དང་	NO_POS
།		PUNCT
དབུ་མཛད་པ་	དབུ་མཛད་པ་	NO_POS
འཇམ་དབྱངས་	འཇམ་དབྱངས་	PROPN
ཆོ་	ཆོ་	NOUN
འཕེལ་	འཕེལ་	VERB
གྱིས་	གིས་	PART
ཀྱང་	ཀྱང་	PART
མཚམས་	མཚམས་	NOUN
སྦྱར་བ་	སྦྱར་བ་	VERB
ལ་	ལ་	PART
བརྟེན་	བརྟེན་	VERB
ན་	ནས་	PART
གྲུབ་མཐའ་	གྲུབ་མཐའ་	NOUN
རབ་འབྱམས་	རབ་འབྱམས་	ADJ
སྨྲ་བ་	སྨྲ་བ་	VERB
འི་	གི་	PART
སྔགས་	སྔགས་	NOUN
བཙུན་	བཙུན་	VERB
འཇམ་དཔལ་	འཇམ་དཔལ་	PROPN
རོལ་བ་	རོལ་བ་	VERB
འི་	གི་	PART
བློ་གྲོས་	བློ་གྲོས་	NOUN
སམ་	གམ་	PART
མིང་	མིང་	NOUN
གཞན་	གཞན་	DET
མཁའ་ཀློང་	མཁའ་ཀློང་	NO_POS
ཡངས་པ་	ཡངས་པ་	ADJ
རྩལ་	རྩལ་	NOUN
དུ་	ལ་	PART
འབོད་པ་	འབོད་པ་	VERB
ས་	གིས་	PART
སྦྱར་བ་	སྦྱར་བ་	VERB
འི་	གི་	PART
ཡི་གེ་པ་	ཡི་གེ་པ་	NOUN
ནི་	ནི་	NO_POS
དགེ་ཚུལ་	དགེ་ཚུལ་	VERB
ཐུབ་བསྟན་	ཐུབ་བསྟན་	NOUN
ཟླ་	ཟླ་	NOUN
བཟང་	བཟང་	VERB
གིས་	གིས་	PART
བགྱིས་པ་	བགྱིས་པ་	VERB
དགེ་ལེགས་	དགེ་ལེགས་	OTHER
འཕེལ་	འཕེལ་	VERB
"།།
།།"		PUNCT
